<?xml version="1.0" encoding="UTF-8"?>
<postanovki>
  <postanovka>
    <title>Питер Пэн</title>
    <genre>комедия</genre>
    <time>19:00</time>
    <date>2025-05-10</date>
    <description>Волшебная сказка для всей семьи по мотивам повести Дж. М. Бари</description>
  </postanovka>
  <postanovka>
    <title>Если бы камни могли говорить</title>
    <genre>Драма</genre>
    <time>18:30</time>
    <date>2025-05-12</date>
    <description>Студенты Академии управления при Президенте Республики Беларусь к 80-летию Победы в Великой Отечественной войне.</description>
  </postanovka>
  <postanovka>
    <title>Альпы. Сорок первый</title>
    <genre>Трагедия</genre>
    <time>20:00</time>
    <date>2025-05-14</date>
    <description>Музыкальный спектакль по мотивам повести Василя Быкова «Альпийская баллада».s</description>
  </postanovka>
  <postanovka>
    <title>Мая маленькая чарадзейка</title>
    <genre>Комедия</genre>
    <time>19:00</time>
    <date>2025-05-16</date>
    <description>Волшебная история на два действия с антрактом</description>
  </postanovka>
  <postanovka>
    <title>Не Ёжик</title>
    <genre>Трагедия</genre>
    <time>18:00</time>
    <date>2025-05-18</date>
    <description>Музыкальный спектакль по пьесе Анны Богачевой</description>
  </postanovka>
  <postanovka>
    <title>Гроза</title>
    <genre>Драма,Фэнтези</genre>
    <time>19:30</time>
    <date>2025-05-20</date>
    <description>Фэнтези по мотивам одноимённой пьесы А. Н. Островского</description>
  </postanovka>
  <postanovka>
    <title>Палачанка</title>
    <genre>Драма</genre>
    <time>18:00</time>
    <date>2025-05-22</date>
    <description>Легенда о любви по мотивам пьесы Алексея Дударева</description>
  </postanovka>
  <postanovka>
    <title>Гроза</title>
    <genre>Драма,Фэнтези</genre>
    <time>19:30</time>
    <date>2025-05-20</date>
    <description>Фэнтези по мотивам одноимённой пьесы А. Н. Островского</description>
  </postanovka>
  <postanovka>
    <title>Мастер и Маргарита</title>
    <genre>Фентази,Драма,Мистика</genre>
    <time>20:00</time>
    <date>2025-05-26</date>
    <description>Фантастическая сказка для взрослых по одноименному роману М. Булгакова</description>
  </postanovka>
  <postanovka>
    <title>Кентервильское привидение</title>
    <genre>Драма,Фантастика</genre>
    <time>18:30</time>
    <date>2025-05-28</date>
    <description>Фантастическая история</description>
  </postanovka>
  <postanovka>
    <title>Дзiкае паляванне караля Стаха</title>
    <genre>Мистика,Детектив,Драма</genre>
    <time>19:30</time>
    <date>2025-05-30</date>
    <description>Психологический детектив в двух действиях с антрактом по одноименной повести Владимира Короткевича</description>
  </postanovka>
</postanovki>
